email,d√©penses
lvalentin@dbmail.com,23.24
dgiraud@bouygtel.fr,25.06
arenaud@noos.fr,106.42
bfoucher@hotmail.fr,105.29
dboyer@club-internet.fr,62.14
adelaunay@gmail.com,106.42
arossi@hotmail.fr,42.37
cbonnet@yahoo.fr,30.91
ileclercq@wanadoo.fr,149.84
dcousin@wanadoo.fr,83.07
ievrard@gmail.com,93.27
emaury@voila.fr,140.57
jgarnier@wanadoo.fr,7.5
imorin@laposte.net,118.34
aklein@tele2.fr,63.55
scolin@hotmail.fr,144.31
vlaurent@free.fr,123.49
atecher@voila.fr,83.91
vlevy@free.fr,128.97
tremy@dbmail.com,47.88
jtanguy@voila.fr,143.89
ppetit@bouygtel.fr,99.08
lbailly@ifrance.com,112.27
srodrigues@laposte.net,41.79
alegrand@noos.fr,55.1
jhenry@laposte.net,143.01
smorel@yahoo.fr,125.2
alagarde@voila.fr,2.18
jvalette@wanadoo.fr,56.79
jpoulain@tiscali.fr,10.93
cbesson@dbmail.com,81.1
jpayet@wanadoo.fr,82.1
mgonzalez@bouygtel.fr,67.8
retienne@sfr.fr,19.62
omorin@laposte.net,47.75
cdaniel@hotmail.fr,70.23
bschmitt@gmail.com,122.46
blabbe@club-internet.fr,74.14
dmoulin@wanadoo.fr,16.94
amartins@gmail.com,105.69
rdeschamps@live.com,71.77
ebarbe@laposte.net,76.83
gnormand@tiscali.fr,64.47
jle goff@bouygtel.fr,28.95
jcousin@laposte.net,16.14
tmichel@free.fr,32.65
aleveque@club-internet.fr,15.21
edelannoy@dbmail.com,23.58
ychartier@ifrance.com,80.11
lblondel@tele2.fr,143.92
tjulien@tiscali.fr,48.92
cbreton@noos.fr,135.96
jmoreno@club-internet.fr,24.59
froussel@dbmail.com,2.16
mrobin@club-internet.fr,76.97
mpoirier@tiscali.fr,114.8
pgermain@tele2.fr,146.0
oboulay@club-internet.fr,113.52
vallard@noos.fr,116.15
ebrunel@laposte.net,107.68
ccamus@bouygtel.fr,134.04
cdelmas@free.fr,65.94
pdubois@tele2.fr,98.64
snguyen@free.fr,34.51
acousin@orange.fr,128.23
cclement@bouygtel.fr,143.85
mpayet@yahoo.fr,108.74
hbesson@tiscali.fr,138.16
ghernandez@tele2.fr,51.38
mleclercq@tele2.fr,100.89
cduhamel@gmail.com,142.93
ngautier@bouygtel.fr,64.13
mleleu@live.com,124.99
alebrun@noos.fr,115.21
amarchal@bouygtel.fr,113.77
cmeyer@ifrance.com,53.9
jbarre@wanadoo.fr,98.99
zferreira@club-internet.fr,37.73
epages@hotmail.fr,38.94
plegrand@hotmail.fr,21.31
tbouvier@free.fr,5.38
frobin@tele2.fr,147.35
cmathieu@noos.fr,96.52
agosselin@orange.fr,3.68
pfouquet@wanadoo.fr,109.56
agay@live.com,92.67
vlamy@yahoo.fr,148.85
mjoly@tele2.fr,38.8
nfabre@bouygtel.fr,91.1
rlemoine@club-internet.fr,3.21
omarques@tele2.fr,26.55
abesson@dbmail.com,98.95
elemaitre@yahoo.fr,18.75
vklein@laposte.net,113.87
alebreton@bouygtel.fr,60.53
oberthelot@ifrance.com,42.23
achartier@bouygtel.fr,151.03
bjoubert@hotmail.fr,81.2
cpichon@ifrance.com,127.72
erobert@tele2.fr,143.86
cchartier@yahoo.fr,137.07
nramos@voila.fr,139.41
ndubois@wanadoo.fr,20.79
tnoel@sfr.fr,145.52
harnaud@tiscali.fr,151.62
sbigot@hotmail.fr,113.16
glombard@dbmail.com,53.47
gschneider@laposte.net,3.07
tregnier@free.fr,5.0
elemonnier@tiscali.fr,74.74
tklein@tiscali.fr,123.31
vhubert@tele2.fr,67.85
mpineau@club-internet.fr,129.84
tdupuis@laposte.net,135.69
cdias@tiscali.fr,27.99
lbernard@yahoo.fr,133.82
eleger@sfr.fr,74.2
dalves@gmail.com,45.18
mjacquet@noos.fr,73.98
asimon@club-internet.fr,111.02
tdupuy@hotmail.fr,92.25
mlejeune@club-internet.fr,17.38
bda silva@gmail.com,5.8
llecoq@orange.fr,83.86
adaniel@sfr.fr,148.5
gblot@tele2.fr,84.85
aguibert@laposte.net,136.85
spruvost@laposte.net,3.01
gleleu@wanadoo.fr,45.85
cbonneau@free.fr,4.88
mprevost@bouygtel.fr,100.2
acolas@free.fr,45.98
ipasquier@voila.fr,110.02
jmasson@ifrance.com,18.89
vfischer@yahoo.fr,130.83
ecosta@noos.fr,3.46
mlaroche@hotmail.fr,49.12
fgilbert@laposte.net,15.88
vbouvier@club-internet.fr,31.18
bboulanger@hotmail.fr,59.47
shebert@gmail.com,64.71
slefort@live.com,59.71
tleger@club-internet.fr,143.2
jleger@orange.fr,28.45
sallard@free.fr,140.94
hbuisson@wanadoo.fr,144.07
wguyon@wanadoo.fr,112.25
tbarthelemy@tele2.fr,61.35
tgros@laposte.net,143.28
mmartin@sfr.fr,56.39
mferrand@ifrance.com,4.26
troussel@free.fr,138.2
rcordier@orange.fr,79.12
sguillou@hotmail.fr,42.55
groux@yahoo.fr,81.37
pgermain@tiscali.fr,150.92
avoisin@ifrance.com,97.32
bgilbert@tiscali.fr,119.47
dblanc@sfr.fr,20.84
avalette@dbmail.com,24.9
mbertin@sfr.fr,74.47
dbigot@live.com,105.88
cblanchet@dbmail.com,126.68
esanchez@bouygtel.fr,30.48
vtessier@free.fr,147.12
mdubois@bouygtel.fr,129.23
hhoareau@tele2.fr,27.16
mhenry@tiscali.fr,90.73
nfabre@hotmail.fr,86.54
mguichard@noos.fr,104.51
tmarion@ifrance.com,150.49
hgosselin@yahoo.fr,42.19
rlefevre@noos.fr,22.32
lbarthelemy@bouygtel.fr,6.96
hherve@bouygtel.fr,11.72
rcarre@wanadoo.fr,32.54
cmendes@free.fr,76.6
ipaul@yahoo.fr,22.02
pbuisson@live.com,143.98
ngeorges@ifrance.com,151.9
nbourdon@hotmail.fr,67.86
lmarin@laposte.net,97.5
lpoirier@sfr.fr,129.15
jgregoire@dbmail.com,87.09
dvallee@laposte.net,138.18
rdijoux@tele2.fr,14.0
slebrun@tele2.fr,77.36
aguillou@wanadoo.fr,2.03
ada silva@bouygtel.fr,71.14
aklein@tele2.fr,19.5
tle goff@club-internet.fr,65.28
broger@noos.fr,48.09
craynaud@tele2.fr,94.26
gevrard@live.com,16.12
bjoly@laposte.net,143.98
mnoel@wanadoo.fr,9.13
fcollet@dbmail.com,73.88
npelletier@club-internet.fr,3.96
gmaurice@club-internet.fr,82.97
pperon@dbmail.com,134.77
omillet@ifrance.com,26.22
cpruvost@live.com,103.26
btraore@wanadoo.fr,63.7
ele gall@gmail.com,2.56
cboucher@wanadoo.fr,5.58
hlefevre@voila.fr,80.09
acordier@wanadoo.fr,46.81
jpascal@sfr.fr,60.93
hherve@orange.fr,48.95
flouis@laposte.net,122.63
sleblanc@laposte.net,32.75
mpotier@ifrance.com,70.49
tde oliveira@sfr.fr,140.22
mmerle@free.fr,61.26
bparent@hotmail.fr,32.82
pschneider@dbmail.com,35.24
jtraore@club-internet.fr,127.76
vlaunay@sfr.fr,21.32
croyer@bouygtel.fr,91.72
dblanchard@tele2.fr,75.22
rroy@dbmail.com,99.89
rmace@yahoo.fr,22.92
pmorin@orange.fr,143.38
hdos santos@laposte.net,19.01
ilefort@live.com,109.88
jteixeira@orange.fr,97.54
haubert@voila.fr,53.35
amorvan@dbmail.com,78.1
dbouvet@dbmail.com,98.37
jguilbert@gmail.com,94.95
jcoulon@gmail.com,146.96
tguillaume@gmail.com,113.89
lroux@tele2.fr,150.16
aetienne@voila.fr,17.9
dbesson@sfr.fr,13.24
rdelmas@bouygtel.fr,4.61
grichard@voila.fr,9.01
mlemonnier@gmail.com,103.18
rlefebvre@laposte.net,147.96
vweiss@tiscali.fr,53.16
gollivier@live.com,13.76
rpages@sfr.fr,108.76
amoreau@gmail.com,123.7
cblondel@laposte.net,114.03
gmasse@noos.fr,52.85
edenis@hotmail.fr,86.86
nmathieu@free.fr,49.74
ajacquet@dbmail.com,142.92
cramos@bouygtel.fr,101.85
cbarre@yahoo.fr,97.83
vlagarde@bouygtel.fr,31.03
lgaillard@ifrance.com,124.75
cherve@dbmail.com,117.53
slecoq@orange.fr,32.03
dpruvost@gmail.com,126.24
abreton@laposte.net,89.88
omallet@tiscali.fr,140.07
fvaillant@voila.fr,114.97
pclement@hotmail.fr,126.55
vtessier@tele2.fr,5.95
ljoubert@free.fr,70.33
efaure@orange.fr,141.09
njoly@live.com,83.66
falves@yahoo.fr,129.44
vdos santos@hotmail.fr,28.88
rfleury@noos.fr,131.59
hgodard@tiscali.fr,143.32
lmorin@voila.fr,82.37
jdupont@yahoo.fr,29.64
emahe@laposte.net,61.2
emathieu@club-internet.fr,105.6
eregnier@laposte.net,35.17
dribeiro@gmail.com,142.06
faubry@ifrance.com,83.77
claurent@yahoo.fr,141.46
bmendes@orange.fr,138.86
vmerle@club-internet.fr,85.45
adelannoy@ifrance.com,10.24
mmace@tiscali.fr,145.53
cdumont@free.fr,67.36
snguyen@club-internet.fr,87.62
tguillot@wanadoo.fr,24.03
smorvan@tele2.fr,97.68
bmoulin@voila.fr,79.7
llopez@free.fr,128.75
crossi@laposte.net,142.76
elecoq@tele2.fr,47.61
bbazin@free.fr,68.12
mandre@dbmail.com,22.02
cbesson@noos.fr,69.65
lhernandez@voila.fr,131.65
atexier@yahoo.fr,85.04
lbecker@laposte.net,94.87
hmarechal@gmail.com,31.09
rmaury@tiscali.fr,114.35
ethibault@voila.fr,23.27
erousseau@live.com,147.15
rseguin@tele2.fr,13.75
llabbe@yahoo.fr,28.74
dlebreton@bouygtel.fr,117.32
rbazin@tele2.fr,119.54
cbouvier@hotmail.fr,47.47
njacques@live.com,23.07
mbazin@voila.fr,120.72
jda costa@hotmail.fr,114.03
alabbe@club-internet.fr,51.62
epierre@free.fr,122.24
amarin@voila.fr,22.66
claurent@tiscali.fr,139.91
vdufour@ifrance.com,123.2
spaul@sfr.fr,62.29
lblanc@live.com,143.64
ybernier@tele2.fr,85.23
rdupuy@live.com,44.95
tarnaud@orange.fr,95.84
emorin@ifrance.com,61.5
nmaillard@laposte.net,124.97
drobert@dbmail.com,79.6
amasson@noos.fr,73.18
xrenault@hotmail.fr,134.99
tbrunel@gmail.com,38.35
bmarechal@tiscali.fr,118.2
ajourdan@tiscali.fr,99.83
vdurand@hotmail.fr,72.59
jarnaud@live.com,124.11
mandre@tiscali.fr,38.19
slebrun@yahoo.fr,81.31
jboulay@bouygtel.fr,137.21
vcousin@gmail.com,29.22
msauvage@wanadoo.fr,102.33
eauger@noos.fr,18.12
hmoulin@yahoo.fr,88.92
cletellier@club-internet.fr,128.32
smarechal@laposte.net,44.97
jguyot@sfr.fr,132.62
elegendre@hotmail.fr,64.99
ojacquot@free.fr,65.18
bbaudry@yahoo.fr,144.94
mteixeira@voila.fr,150.39
edelaunay@gmail.com,12.19
gmary@tele2.fr,79.65
mjacquot@voila.fr,81.83
mpayet@free.fr,114.19
pfleury@noos.fr,31.72
lhoareau@noos.fr,151.7
apichon@laposte.net,99.8
pguilbert@free.fr,50.6
rguyot@free.fr,90.81
nclerc@gmail.com,23.76
gle goff@yahoo.fr,90.0
blaporte@noos.fr,28.63
pbrun@voila.fr,27.03
nwagner@tele2.fr,3.39
jchauvet@sfr.fr,20.44
crichard@wanadoo.fr,23.73
icarlier@tiscali.fr,53.83
tbegue@tiscali.fr,99.87
mchauvet@noos.fr,129.09
lroyer@free.fr,106.35
jdupont@tiscali.fr,82.01
emartin@wanadoo.fr,147.04
cguillot@voila.fr,73.9
croger@dbmail.com,99.08
jrobin@tiscali.fr,3.98
oguillou@tiscali.fr,33.96
tfournier@gmail.com,10.64
xnavarro@live.com,136.54
vferreira@noos.fr,84.4
jboulanger@hotmail.fr,120.38
calexandre@free.fr,15.64
rleger@club-internet.fr,43.43
vmartinez@voila.fr,100.23
igauthier@hotmail.fr,58.27
lramos@wanadoo.fr,141.88
cfaure@voila.fr,134.89
blelievre@noos.fr,55.41
bbenard@tele2.fr,60.6
fcollin@club-internet.fr,13.85
lcolas@live.com,118.61
zbarre@yahoo.fr,58.88
mwagner@tele2.fr,66.22
clesage@live.com,62.75
mchevalier@bouygtel.fr,123.14
lcosta@laposte.net,83.72
acollet@bouygtel.fr,31.23
dmillet@yahoo.fr,99.83
ycolas@free.fr,79.48
lleblanc@free.fr,48.37
flelievre@yahoo.fr,54.91
dhamon@tele2.fr,122.53
nlaunay@voila.fr,38.76
edos santos@bouygtel.fr,55.98
croy@hotmail.fr,5.05
ebrunet@club-internet.fr,136.89
gblot@tele2.fr,32.22
pguillaume@tele2.fr,48.18
ipasquier@bouygtel.fr,139.64
lleveque@free.fr,83.54
ssauvage@gmail.com,138.92
ncolin@sfr.fr,80.88
nnicolas@voila.fr,26.96
bmonnier@sfr.fr,150.03
dmaillet@noos.fr,145.65
gvallee@wanadoo.fr,27.72
hmaillet@tele2.fr,134.93
dmoreau@dbmail.com,126.76
nduhamel@noos.fr,124.72
mmarchal@dbmail.com,10.26
mgilbert@gmail.com,3.9
gpasquier@sfr.fr,59.33
jbarre@live.com,96.17
vledoux@sfr.fr,26.45
pchevallier@hotmail.fr,42.51
shamon@wanadoo.fr,139.05
jblanchard@wanadoo.fr,26.88
lle goff@tiscali.fr,84.45
plaroche@orange.fr,136.45
rlebrun@sfr.fr,113.98
aboutin@bouygtel.fr,138.74
agilbert@tiscali.fr,143.92
jloiseau@yahoo.fr,80.44
ablanchard@yahoo.fr,12.14
tallain@dbmail.com,35.76
lgosselin@tele2.fr,105.87
vguillaume@ifrance.com,72.7
vlegrand@bouygtel.fr,23.36
troux@laposte.net,45.13
vlelievre@club-internet.fr,80.98
abonneau@wanadoo.fr,78.77
abouvet@club-internet.fr,122.59
wmaurice@tiscali.fr,11.94
fgarcia@club-internet.fr,117.94
ateixeira@dbmail.com,122.59
rantoine@hotmail.fr,102.1
friou@club-internet.fr,98.79
abouchet@laposte.net,120.27
briou@yahoo.fr,68.81
npelletier@live.com,143.89
ldumont@hotmail.fr,35.73
lschneider@live.com,33.11
cgodard@hotmail.fr,30.5
blaine@tiscali.fr,11.16
ageorges@yahoo.fr,125.67
mleconte@voila.fr,60.84
maubert@ifrance.com,29.81
rlegrand@hotmail.fr,126.03
nklein@free.fr,90.4
egautier@orange.fr,79.12
ischneider@noos.fr,78.24
ipicard@ifrance.com,129.03
rroyer@wanadoo.fr,67.3
djacquet@orange.fr,97.45
gallain@wanadoo.fr,139.09
cguibert@sfr.fr,8.47
lroger@dbmail.com,19.73
hguilbert@bouygtel.fr,107.44
bbouvier@dbmail.com,27.22
simbert@laposte.net,95.62
vtessier@laposte.net,46.44
hbriand@free.fr,9.78
ablin@tiscali.fr,84.34
cvoisin@tiscali.fr,46.78
oguillon@free.fr,20.23
flebreton@sfr.fr,105.36
aleconte@ifrance.com,87.95
gdupont@ifrance.com,134.18
rmonnier@orange.fr,86.11
gmoreno@noos.fr,101.11
bmarion@yahoo.fr,10.18
vbourdon@free.fr,46.39
fcollin@bouygtel.fr,71.29
fchretien@tele2.fr,18.28
ccouturier@club-internet.fr,27.42
ppoirier@yahoo.fr,24.91
troger@yahoo.fr,95.93
aalves@club-internet.fr,91.15
mlaporte@sfr.fr,64.98
cgimenez@yahoo.fr,11.91
mlebon@bouygtel.fr,59.14
bleblanc@voila.fr,121.29
jbernard@gmail.com,63.96
lbouvet@yahoo.fr,68.16
esalmon@voila.fr,3.85
jetienne@noos.fr,93.17
slagarde@voila.fr,122.31
tgrondin@voila.fr,77.11
mcollet@noos.fr,74.16
vbesson@voila.fr,121.97
gcollet@laposte.net,76.52
hauger@bouygtel.fr,98.87
ndiaz@tiscali.fr,52.24
hchartier@live.com,7.26
spasquier@live.com,60.17
lleduc@yahoo.fr,141.37
earnaud@voila.fr,146.78
alamy@live.com,148.17
tmercier@club-internet.fr,45.54
llebreton@orange.fr,51.39
njacquet@sfr.fr,115.74
blaurent@orange.fr,5.32
cbrun@sfr.fr,80.28
enormand@laposte.net,86.93
mthomas@dbmail.com,111.55
alefort@orange.fr,89.99
ogeorges@wanadoo.fr,34.18
rblanc@club-internet.fr,10.42
lclement@dbmail.com,141.42
mpichon@dbmail.com,99.37
agodard@tele2.fr,28.53
cguillou@tele2.fr,43.97
aherve@laposte.net,39.82
cmonnier@sfr.fr,136.49
vmaillot@tele2.fr,118.22
rleclercq@sfr.fr,61.43
vlamy@bouygtel.fr,83.13
lpoulain@orange.fr,83.21
rparent@orange.fr,97.66
jguillou@laposte.net,42.06
emarchand@gmail.com,31.27
ojean@tiscali.fr,44.13
mpetit@dbmail.com,5.66
xjacquot@club-internet.fr,103.59
eblin@hotmail.fr,97.74
mleveque@voila.fr,2.07
rpetitjean@live.com,97.79
gfoucher@laposte.net,131.17
mbouchet@dbmail.com,102.21
clelievre@dbmail.com,142.73
sjacquet@hotmail.fr,9.59
cclerc@gmail.com,15.32
gfabre@noos.fr,10.5
cmercier@tele2.fr,142.95
mcohen@laposte.net,93.35
proussel@tele2.fr,39.86
jbarthelemy@gmail.com,48.06
cdavid@free.fr,49.99
gpierre@wanadoo.fr,136.23
mgodard@live.com,96.88
mbenoit@bouygtel.fr,46.07
rchartier@hotmail.fr,36.12
aguillon@free.fr,74.61
adias@hotmail.fr,79.3
njacquet@voila.fr,107.93
bchartier@free.fr,43.11
clouis@laposte.net,121.05
mmarchal@free.fr,17.73
dbuisson@live.com,54.99
steixeira@laposte.net,42.75
mraymond@sfr.fr,42.42
srolland@laposte.net,131.65
mgiraud@gmail.com,59.45
cduhamel@gmail.com,26.55
llegros@wanadoo.fr,109.99
rclerc@tele2.fr,74.91
emasse@club-internet.fr,76.69
adidier@tele2.fr,65.65
hrobert@noos.fr,148.28
trocher@sfr.fr,108.14
bclement@tiscali.fr,8.58
tpasquier@yahoo.fr,55.71
vnavarro@sfr.fr,52.34
dduval@yahoo.fr,49.46
aperrier@bouygtel.fr,133.45
lcaron@live.com,141.47
lleconte@sfr.fr,35.78
sguyot@dbmail.com,95.87
mthierry@hotmail.fr,137.34
cgarnier@tele2.fr,104.69
hrobert@gmail.com,114.98
rchevallier@tele2.fr,58.18
mhuet@yahoo.fr,11.21
ldescamps@tele2.fr,70.02
tgodard@noos.fr,95.69
claporte@voila.fr,59.37
lvoisin@yahoo.fr,62.27
aguillou@tele2.fr,137.59
mpicard@tiscali.fr,46.84
jbigot@sfr.fr,70.55
aleveque@free.fr,9.14
vlaine@dbmail.com,57.45
tfernandes@wanadoo.fr,122.35
cdos santos@hotmail.fr,48.21
ggerard@free.fr,29.59
colivier@tiscali.fr,24.46
cpinto@laposte.net,64.2
rvaillant@tele2.fr,85.74
hclement@yahoo.fr,45.97
vroyer@voila.fr,21.62
jcohen@laposte.net,148.76
hlambert@tiscali.fr,132.45
gbarre@club-internet.fr,63.29
slagarde@hotmail.fr,151.71
pdupuy@club-internet.fr,80.64
abailly@ifrance.com,101.3
atraore@hotmail.fr,125.58
cmeyer@gmail.com,12.22
rcoste@noos.fr,78.77
mdavid@ifrance.com,4.91
rvaillant@live.com,51.85
praymond@dbmail.com,3.64
cblondel@gmail.com,24.17
bmaurice@wanadoo.fr,37.59
cdelannoy@orange.fr,101.19
rrey@wanadoo.fr,19.98
cmaurice@dbmail.com,88.31
edupont@bouygtel.fr,131.92
nhebert@laposte.net,15.33
lguillaume@yahoo.fr,89.49
mchauvin@orange.fr,137.07
gaubert@bouygtel.fr,63.06
jpages@hotmail.fr,131.25
ltexier@laposte.net,86.12
rsalmon@club-internet.fr,63.85
abousquet@club-internet.fr,62.33
pmonnier@sfr.fr,88.43
braymond@orange.fr,87.33
emaury@live.com,4.56
glouis@free.fr,133.44
ohoarau@laposte.net,78.33
vlejeune@orange.fr,130.75
sguillou@hotmail.fr,117.03
pmartineau@tiscali.fr,110.92
ppons@gmail.com,82.24
echauvet@wanadoo.fr,78.7
rchevalier@sfr.fr,46.8
mmercier@noos.fr,92.39
lperrier@laposte.net,90.72
bbesson@tiscali.fr,56.61
lvincent@live.com,54.78
nreynaud@hotmail.fr,129.89
bthierry@gmail.com,29.73
pcollin@tele2.fr,137.3
jdaniel@noos.fr,121.4
ecamus@gmail.com,78.74
oguibert@voila.fr,126.38
mboucher@gmail.com,43.14
fperez@sfr.fr,151.48
hgautier@laposte.net,58.82
dvidal@wanadoo.fr,88.34
sbarre@yahoo.fr,151.11
rtoussaint@live.com,103.47
rbodin@tiscali.fr,43.27
jferrand@hotmail.fr,86.06
bleblanc@tiscali.fr,42.04
clenoir@bouygtel.fr,57.7
tcarpentier@tiscali.fr,110.18
mmoreno@gmail.com,74.96
ade sousa@ifrance.com,146.47
nribeiro@tiscali.fr,10.71
ajacques@hotmail.fr,110.56
sbenoit@dbmail.com,117.24
lhoarau@voila.fr,86.3
fleconte@ifrance.com,28.09
blaine@noos.fr,117.35
csamson@club-internet.fr,98.96
rroyer@gmail.com,115.06
tpruvost@gmail.com,90.04
jperret@bouygtel.fr,145.97
gdubois@yahoo.fr,101.84
trenard@bouygtel.fr,79.32
vjacquet@live.com,141.46
lpascal@ifrance.com,107.42
ncharles@noos.fr,18.44
clamy@wanadoo.fr,120.09
dhardy@ifrance.com,115.26
cguillet@dbmail.com,111.63
jcoulon@sfr.fr,149.12
tdidier@tiscali.fr,70.13
zhebert@orange.fr,93.27
jguillou@sfr.fr,148.25
fcordier@hotmail.fr,150.4
hleveque@ifrance.com,8.54
jgilbert@club-internet.fr,125.34
jbousquet@live.com,6.57
lmorin@orange.fr,102.37
rmichel@tele2.fr,134.94
phamel@yahoo.fr,34.17
rblanc@hotmail.fr,135.39
wmarchand@wanadoo.fr,117.39
cmarie@club-internet.fr,103.21
ldumas@wanadoo.fr,123.72
golivier@dbmail.com,40.16
agros@tele2.fr,59.64
dlouis@wanadoo.fr,135.98
dfrancois@tele2.fr,79.08
jchartier@ifrance.com,5.14
hchauveau@free.fr,124.7
dcarlier@ifrance.com,80.62
wguyot@club-internet.fr,113.65
glucas@gmail.com,124.07
gpoulain@club-internet.fr,17.68
rvidal@wanadoo.fr,110.86
mmarchal@club-internet.fr,124.01
vfernandes@noos.fr,47.7
rboucher@club-internet.fr,124.64
llelievre@tele2.fr,37.44
alefevre@ifrance.com,86.67
znicolas@hotmail.fr,114.55
jrenaud@wanadoo.fr,67.34
hbrunet@tiscali.fr,32.41
mlelievre@club-internet.fr,125.54
mtorres@sfr.fr,126.12
eprevost@dbmail.com,7.13
olacombe@live.com,133.76
cbecker@free.fr,48.92
hchevallier@live.com,135.17
sperrier@club-internet.fr,69.35
nlelievre@orange.fr,134.76
fmaury@yahoo.fr,110.79
cmorin@live.com,65.28
eguillaume@yahoo.fr,124.06
mbertin@voila.fr,22.29
hsalmon@tiscali.fr,28.56
lremy@yahoo.fr,108.95
pmartineau@wanadoo.fr,13.69
vcharrier@hotmail.fr,22.62
nhoarau@free.fr,69.68
drodriguez@bouygtel.fr,6.97
dgomes@voila.fr,111.3
jgilles@noos.fr,58.72
cbertin@free.fr,10.26
llombard@free.fr,14.57
sdiaz@club-internet.fr,31.57
mlefort@noos.fr,102.47
evallet@bouygtel.fr,38.65
rnicolas@bouygtel.fr,36.28
hpaul@dbmail.com,83.63
mchartier@live.com,71.41
ljean@live.com,83.7
gleveque@yahoo.fr,128.98
emahe@tele2.fr,133.92
bdubois@orange.fr,31.45
sbarbe@hotmail.fr,55.42
ebarre@wanadoo.fr,104.9
alouis@laposte.net,58.54
nlefevre@sfr.fr,67.72
aleclercq@voila.fr,118.93
briviere@tele2.fr,73.43
cdelahaye@yahoo.fr,32.72
mboyer@noos.fr,85.81
lboutin@laposte.net,134.34
ebailly@orange.fr,138.4
mde oliveira@sfr.fr,137.6
mtoussaint@live.com,54.11
jdescamps@tiscali.fr,31.67
cbenard@dbmail.com,116.14
aalves@live.com,104.86
amonnier@free.fr,18.29
lmorel@noos.fr,8.43
mblondel@ifrance.com,97.0
mduhamel@laposte.net,27.91
pgermain@sfr.fr,24.03
vschneider@hotmail.fr,28.22
sguillaume@wanadoo.fr,96.57
zlaporte@bouygtel.fr,67.98
clesage@club-internet.fr,57.54
sdupont@sfr.fr,50.45
lroy@orange.fr,129.69
rpruvost@dbmail.com,48.9
jferreira@live.com,95.97
cbonnet@yahoo.fr,133.92
ahardy@sfr.fr,20.75
gollivier@bouygtel.fr,108.53
eleclerc@live.com,53.64
mdevaux@yahoo.fr,117.65
sbouvet@voila.fr,77.84
ide sousa@orange.fr,43.49
tdescamps@tiscali.fr,104.89
olecomte@wanadoo.fr,87.63
mfabre@ifrance.com,54.21
cjoly@dbmail.com,132.63
emaillet@club-internet.fr,117.09
mjoly@orange.fr,25.63
smeunier@voila.fr,14.91
xarnaud@club-internet.fr,47.84
pmartel@tiscali.fr,2.49
dalbert@club-internet.fr,120.48
vbernard@free.fr,141.56
premy@voila.fr,97.01
mduhamel@bouygtel.fr,112.98
eribeiro@noos.fr,58.41
lverdier@club-internet.fr,135.18
sthibault@sfr.fr,75.71
gpereira@wanadoo.fr,70.22
dlegros@tiscali.fr,59.51
vcousin@yahoo.fr,124.51
mperrier@ifrance.com,27.66
jnavarro@sfr.fr,88.63
erousset@tele2.fr,47.15
ablanchard@wanadoo.fr,35.45
mlouis@yahoo.fr,113.09
schevallier@wanadoo.fr,51.27
ltexier@gmail.com,117.43
ohuet@gmail.com,34.41
zblanc@ifrance.com,83.09
aroussel@yahoo.fr,90.33
epetit@yahoo.fr,98.53
rvaillant@ifrance.com,103.7
nbrunet@wanadoo.fr,73.05
lrobin@free.fr,19.59
agillet@bouygtel.fr,61.64
aboyer@ifrance.com,62.58
ncharrier@club-internet.fr,95.35
pmartin@dbmail.com,124.76
candre@gmail.com,24.61
clevy@ifrance.com,92.71
atanguy@ifrance.com,110.02
mbenoit@gmail.com,71.37
scharrier@noos.fr,21.64
fperret@gmail.com,28.65
ahumbert@yahoo.fr,93.26
gfournier@yahoo.fr,133.72
hpelletier@live.com,141.76
sneveu@dbmail.com,62.19
ele goff@tiscali.fr,115.43
pbernard@voila.fr,46.32
cbarre@club-internet.fr,118.58
cpereira@club-internet.fr,12.53
aadam@free.fr,11.9
jweber@voila.fr,120.14
mgros@wanadoo.fr,7.1
omasse@voila.fr,43.46
mpages@hotmail.fr,35.15
gmeyer@orange.fr,68.1
vandre@live.com,43.13
gbesson@voila.fr,120.44
vferrand@wanadoo.fr,64.17
mduhamel@orange.fr,34.01
hbesson@voila.fr,133.06
smathieu@tiscali.fr,133.55
ndiaz@laposte.net,29.25
mlebon@voila.fr,7.92
fcourtois@club-internet.fr,79.41
jrolland@voila.fr,91.26
ibonneau@tiscali.fr,56.23
scollin@tele2.fr,20.5
omerle@ifrance.com,3.35
tmartineau@bouygtel.fr,40.61
eguichard@orange.fr,29.28
cpayet@wanadoo.fr,21.9
ajacques@tiscali.fr,136.02
cdumas@orange.fr,19.1
mcordier@free.fr,18.98
mguillon@yahoo.fr,113.37
cchevalier@sfr.fr,140.54
rbonneau@ifrance.com,92.61
nmaillet@tele2.fr,82.57
gleclerc@voila.fr,130.71
phoareau@noos.fr,79.88
dguilbert@live.com,102.01
gnguyen@gmail.com,107.58
amoreno@free.fr,117.36
cbesnard@sfr.fr,14.78
jturpin@dbmail.com,46.52
emaurice@voila.fr,3.61
cperret@hotmail.fr,7.0
mpoirier@yahoo.fr,25.13
vtraore@free.fr,112.92
stessier@orange.fr,67.87
amace@noos.fr,143.02
mvalette@live.com,61.96
lgrondin@ifrance.com,67.87
ecourtois@live.com,115.01
mparent@wanadoo.fr,144.74
hleveque@live.com,24.67
mperrier@ifrance.com,116.15
sduval@gmail.com,133.8
eferreira@orange.fr,3.43
zmaillard@tele2.fr,45.01
aguichard@tiscali.fr,35.54
cguibert@sfr.fr,138.04
llambert@gmail.com,18.6
clouis@dbmail.com,98.98
llemaire@dbmail.com,70.35
paubry@laposte.net,82.2
nlevy@ifrance.com,149.12
setienne@tele2.fr,13.89
cmoreau@free.fr,20.48
rlefort@laposte.net,102.05
hlenoir@tele2.fr,43.91
mleclerc@bouygtel.fr,143.65
alaine@bouygtel.fr,65.36
calexandre@noos.fr,134.66
xtexier@bouygtel.fr,56.58
cblot@tele2.fr,115.59
echauvet@noos.fr,84.32
lmallet@voila.fr,105.51
lbriand@live.com,66.55
xgirard@orange.fr,139.17
slopes@wanadoo.fr,137.57
dlefort@dbmail.com,109.25
zhernandez@noos.fr,3.58
cclerc@wanadoo.fr,94.24
fjoseph@dbmail.com,20.33
ptraore@ifrance.com,18.5
hgaudin@sfr.fr,135.03
gperon@tiscali.fr,108.36
dgomes@sfr.fr,132.32
mdubois@live.com,112.79
acosta@tele2.fr,137.26
agallet@tele2.fr,9.3
agerard@wanadoo.fr,9.29
lblanc@free.fr,135.08
praynaud@yahoo.fr,100.58
aroche@wanadoo.fr,142.95
ifouquet@orange.fr,93.32
drey@sfr.fr,122.01
llanglois@club-internet.fr,34.62
ballain@club-internet.fr,83.52
jpasquier@live.com,73.75
acharrier@laposte.net,143.09
jlegendre@wanadoo.fr,71.64
pthierry@tele2.fr,141.84
vcoste@live.com,23.11
mpages@dbmail.com,123.82
cvincent@ifrance.com,45.93
jtorres@voila.fr,91.89
nmerle@dbmail.com,67.66
vcouturier@voila.fr,65.77
plegrand@hotmail.fr,92.99
mcousin@orange.fr,70.28
zpaul@yahoo.fr,6.65
ctecher@bouygtel.fr,97.93
lrodriguez@tiscali.fr,67.29
cgregoire@tiscali.fr,133.27
mfaivre@dbmail.com,65.9
amartins@ifrance.com,75.98
pbuisson@live.com,140.04
rregnier@free.fr,102.01
ngautier@bouygtel.fr,92.29
tmeyer@gmail.com,4.79
srolland@ifrance.com,98.16
mmartinez@noos.fr,57.46
cguyon@yahoo.fr,2.92
abernier@free.fr,55.01
clombard@tiscali.fr,85.46
alaine@dbmail.com,128.61
shuet@noos.fr,4.51
vletellier@dbmail.com,104.7
evaillant@club-internet.fr,9.44
pvasseur@club-internet.fr,127.94
dchauvet@free.fr,130.44
dmunoz@noos.fr,47.13
lgarcia@wanadoo.fr,149.93
xcordier@dbmail.com,121.76
nmasse@laposte.net,124.44
anormand@yahoo.fr,4.03
mdiaz@live.com,132.18
ddidier@free.fr,71.75
bmahe@voila.fr,23.42
ntorres@laposte.net,61.04
adupuy@laposte.net,73.85
clegendre@gmail.com,92.87
jdupont@laposte.net,144.92
ppereira@tiscali.fr,40.58
mnormand@bouygtel.fr,4.8
jpires@live.com,75.59
epereira@gmail.com,70.73
dtexier@gmail.com,28.57
cmarion@sfr.fr,23.28
fchretien@ifrance.com,102.73
croche@voila.fr,143.25
tbonnin@ifrance.com,17.31
jcoste@sfr.fr,23.15
mguilbert@yahoo.fr,42.98
cloiseau@club-internet.fr,63.09
ehamon@sfr.fr,61.83
ddelaunay@tele2.fr,100.82
cmarin@wanadoo.fr,82.78
tmarie@yahoo.fr,148.35
mda silva@yahoo.fr,91.46
jcharrier@tele2.fr,24.77
clecoq@live.com,10.96
cguyon@orange.fr,12.06
ctexier@noos.fr,130.28
lguerin@tiscali.fr,46.36
nrocher@live.com,66.88
npires@dbmail.com,89.47
eperrier@sfr.fr,17.53
ddiallo@wanadoo.fr,149.12
rantoine@hotmail.fr,110.43
jlemaire@club-internet.fr,88.95
cleclerc@bouygtel.fr,86.21
lcarre@orange.fr,143.19
mpetit@noos.fr,121.26
ochauvin@sfr.fr,18.39
nroy@gmail.com,19.54
arobert@sfr.fr,10.04
dclerc@orange.fr,111.48
nbaudry@yahoo.fr,22.21
psanchez@laposte.net,108.79
oleclerc@free.fr,99.43
alesage@tele2.fr,143.14
vjoly@dbmail.com,58.29
operrin@gmail.com,13.28
eguilbert@club-internet.fr,49.74
acolas@wanadoo.fr,73.69
jbouvet@bouygtel.fr,94.86
cguyot@yahoo.fr,140.78
bthomas@live.com,48.69
